id,first,last,salary,wage,start,end
1,Lawrence,Powell,,26.47,2002-04-09,2002-01-17T21:32:00
2,Benjamin,Chavez,57043.38,39.44,2011-07-07,2000-09-25T06:36:00
3,Wayne,Burke,46134.09,33.8,2016-02-19,2002-09-13T08:28:00
4,Sean,Richards,45046.21,15.64,2000-11-24,2011-07-10T11:24:00
5,Charles,Long,30555.6,17.67,2002-01-05,2003-02-11T11:43:00
6,Linda,Rose,88894.06,34.6,2008-05-15,2016-01-21T06:32:00
7,Steve,Gardner,32414.46,36.39,2006-03-21,2004-01-12T12:36:00
8,Jacqueline,Roberts,54839.54,26.27,,
9,Tammy,Reynolds,62300.64,37.67,2000-06-09,2006-12-30T09:48:00
10,Nicholas,Ramos,57661.69,21.37,2002-09-20,2016-04-07T14:07:00
11,Irene,King,55565.61,13.88,2006-04-14,2015-03-19T15:01:00
12,Gary,Banks,57620.06,15.68,,
13,David,Knight,49729.65,10.39,2002-08-21,2005-06-29T11:14:00
14,Jennifer,Collins,86834,10.18,2007-06-06,2001-09-17T11:47:00
15,Gary,Vasquez,47974.45,24.52,2010-06-07,2014-08-30T02:41:00
16,Theresa,Mason,67476.24,41.47,2000-09-25,2015-11-07T01:23:00
17,Carl,Williams,71048.06,29.67,2008-11-12,2009-09-06T20:21:00
18,Judy,Howard,53110.54,42.1,2015-04-29,2011-05-14T14:38:00
19,Jane,Harris,52664.59,16.48,2004-11-28,2000-10-17T14:18:00
20,Paula,Hall,77300.12,13.46,2004-02-09,2006-08-19T23:35:00
21,Jennifer,Pierce,98176.06,28.4,2012-04-30,2014-05-16T04:50:00
22,Wanda,Graham,,,2010-10-06,2013-01-22T10:06:00
23,Donna,Stevens,52731.24,35.64,2008-02-18,2004-04-09T23:03:00
24,Shawn,Olson,71341.2,28.74,2001-01-03,2014-01-08T20:25:00
25,Larry,Mills,94185.21,17.98,2008-11-07,2000-10-16T21:14:00
26,Diane,Dean,48035.26,14.52,2005-08-13,2013-07-15T05:35:00
27,Gerald,Reynolds,68902.06,14.02,2006-01-05,2013-03-25T21:58:00
28,Angela,Reyes,68431.89,29.15,2016-02-18,2007-06-02T21:37:00
29,Terry,Williamson,82284.42,11.32,2010-02-13,2009-04-28T10:16:00
30,Thomas,Peterson,32202.5,44.81,2011-04-21,2002-11-01T05:09:00
31,Gary,Ryan,47322.49,38.28,2009-11-04,2014-03-18T16:40:00
32,Kelly,Wright,77681.48,40.62,2008-10-17,2008-09-13T04:35:00
33,Jerry,Mcdonald,48634.67,40.64,2012-12-03,2009-04-04T13:34:00
34,Sara,Williamson,93591.36,29.12,2013-09-05,2009-06-15T14:10:00
35,Tammy,Richards,64163.05,27.97,2011-02-15,2004-09-19T04:44:00
36,Willie,Wilson,55013.5,23.13,2000-07-07,2016-02-04T13:32:00
37,Howard,Moore,68933.52,29.74,2009-06-18,2012-03-05T18:46:00
38,Harry,Powell,88803.14,43.68,2014-09-04,2013-01-28T23:06:00
39,Sarah,Larson,59087.65,15.33,2002-03-14,2003-06-09T10:49:00
40,Clarence,Fernandez,,,2002-06-15,2003-02-27T20:50:00
41,Frank,Oliver,46920.82,27.12,2010-06-30,2008-07-25T03:32:00
42,Helen,Diaz,79150.2,44.47,2003-11-19,2009-05-03T11:00:00
43,Carl,Payne,47331.2,28.55,2003-09-19,2004-06-10T16:44:00
44,Julie,Gibson,62976,12.89,2014-04-13,2010-10-26T12:46:00
45,Matthew,Vasquez,56466.09,28.87,2010-12-15,2006-08-04T04:15:00
46,Roger,Frazier,76210.95,17.7,2009-04-19,2010-10-26T10:16:00
47,Terry,Bailey,71592.53,30.66,2011-04-08,2004-02-10T16:05:00
48,Charles,Harris,73087.71,27.97,2008-09-15,2011-09-02T06:12:00
49,Carlos,Washington,96820.05,26.53,2004-08-11,2009-11-04T14:43:00
50,Arthur,Martinez,77322.05,43.76,2004-10-20,2003-02-28T00:55:00
51,Aaron,Ramos,39447.66,23.22,2001-09-25,2004-06-19T14:13:00
52,Diane,Wagner,58776.97,15.87,2009-01-28,2015-07-24T12:09:00
53,Patrick,Harvey,62550.45,27.79,2015-10-16,2014-01-17T01:46:00
54,Mildred,Kelly,56818.96,19.68,2010-05-05,2001-12-15T22:01:00
55,Christina,Wagner,92207.21,37.24,2006-03-15,2011-07-25T18:08:00
56,Walter,Jacobs,91261.51,41.24,2005-02-09,2012-12-16T08:25:00
57,Edward,Roberts,89979.1,30.01,2004-03-07,2013-01-17T09:02:00
58,Eric,Price,66234.11,16.89,2009-03-06,2009-07-18T18:53:00
59,Arthur,Mills,80119.32,20.54,2008-12-03,2010-10-12T12:11:00
60,Frank,Crawford,55120.2,20.61,2007-05-19,2013-11-28T04:05:00
61,Denise,Reynolds,41558.91,31,2003-12-12,2010-06-04T18:38:00
62,Christopher,Harvey,80935.62,43.37,2006-05-31,2002-10-17T03:34:00
63,Philip,Miller,34367.91,32.27,2003-11-21,2016-02-01T19:24:00
64,Todd,Boyd,41129.51,18.46,2007-03-28,2001-10-01T20:52:00
65,Brandon,Gibson,74951.17,13.34,2008-07-05,2001-02-07T10:34:00
66,Stephen,Simpson,82619.36,25.09,2003-06-10,2009-03-03T06:10:00
67,Matthew,Ramirez,69707.47,19.48,2008-10-28,2015-11-17T05:09:00
68,Christine,Peters,50284.83,31.02,2004-09-15,2006-02-16T00:42:00
69,Amanda,Butler,91480.48,38.19,2003-11-27,2012-01-04T08:38:00
70,Julia,Graham,92477.08,41.81,2014-05-13,2006-05-28T21:28:00
71,Gregory,Rice,91185.29,37.58,2012-03-24,2007-10-17T12:11:00
72,Louis,Crawford,52832.8,42.93,2005-05-31,2006-03-19T06:07:00
73,Brandon,Watson,45723.17,41.92,2012-10-02,2015-11-13T07:19:00
74,Philip,Shaw,69490.63,23.92,,
75,Harold,Gonzales,79224.07,36.25,2012-12-05,2010-10-05T01:09:00
76,James,Webb,33969.44,30.36,2015-05-08,2010-04-10T19:12:00
77,Joshua,Mccoy,45820.89,20.4,2004-08-28,2012-01-25T12:32:00
78,Russell,Clark,74467.95,31,2002-10-26,2013-05-29T18:09:00
79,Jerry,Greene,46403.2,13.31,2002-06-08,2009-05-03T10:00:00
80,Theresa,Barnes,57409.47,24.39,2007-01-09,2015-04-23T09:49:00
81,Sara,Graham,70440.8,29.56,2010-01-19,2008-04-08T06:55:00
82,Phillip,Johnson,91284.91,30.45,2008-01-11,2005-01-10T21:16:00
83,Patricia,Evans,75978.21,31.9,2014-04-27,2013-06-27T16:08:00
84,Donna,Crawford,62172.48,13.32,2016-01-10,2005-03-20T09:10:00
85,Kenneth,Webb,69379,37.31,2011-07-06,2005-09-10T18:28:00
86,Clarence,Jackson,94199.35,25.46,2003-10-27,2008-12-19T03:45:00
87,Robin,Armstrong,35735.08,39.43,,
88,Andrew,Baker,31860.73,10.51,2015-03-20,2000-05-01T00:01:00
89,Cheryl,Webb,47783.33,31.8,2012-12-07,2008-11-29T17:51:00
90,Wanda,Hill,53157.17,44.11,2005-04-02,2006-11-18T05:07:00
91,Lisa,Sullivan,76040.59,33.44,2006-05-08,2002-07-18T06:24:00
92,Terry,Dean,60309.32,41.71,2008-01-02,2007-09-29T12:09:00
93,Frank,Hamilton,63715.31,11.99,2006-11-14,2006-05-07T21:24:00
94,Mark,Jones,45956,42.76,2009-12-16,2015-05-16T05:16:00
95,Steve,Johnson,34983.95,25.33,2002-12-29,2011-08-19T21:06:00
96,Joan,Graham,77844.68,28.74,2007-01-01,2007-02-15T15:10:00
97,Diana,Cunningham,33346.63,42.61,2013-11-05,2014-06-07T16:14:00
98,Annie,Hunt,67398.43,23.99,2004-01-28,2002-12-13T08:38:00
99,Nicholas,Taylor,79124.18,36.35,2007-12-29,2009-03-21T23:26:00
100,Raymond,Edwards,33861.28,33.44,2007-03-19,2003-03-28T21:18:00
101,Rebecca,Mitchell,37977.93,24.58,2015-12-11,2007-04-07T05:28:00
102,Julia,Parker,96902.19,11.3,2001-08-24,2007-03-19T09:53:00
103,Elizabeth,George,99987.72,28.8,2001-09-26,2001-02-18T09:11:00
104,Eric,Cunningham,32908.54,34.02,2005-03-10,2014-11-16T07:57:00
105,Tina,George,92638.57,31.49,2015-01-02,2002-03-30T15:32:00
106,Michael,Hayes,95625.92,10.88,2016-01-22,2011-05-04T22:24:00
107,Lawrence,Campbell,30291.34,25.54,2006-08-24,2011-10-18T09:41:00
108,Shirley,Tucker,42315.54,40.63,2000-05-24,2006-10-11T16:36:00
109,Craig,Ryan,85526.48,31.13,2008-05-16,2001-10-22T14:30:00
110,Anne,Washington,99343.89,31.85,2000-10-24,2005-12-05T14:07:00
111,Michael,Williams,35518.42,17.85,2014-08-08,2007-09-19T07:59:00
112,Justin,Mccoy,53019.36,35.26,2011-03-12,2004-04-02T16:59:00
113,Timothy,Peterson,72222.76,24.63,2012-01-18,2010-03-10T18:24:00
114,Mildred,Harris,53015.51,35.24,,
115,Beverly,Harrison,50327.62,12.48,2009-02-13,2010-01-20T04:13:00
116,Emily,Schmidt,75502.94,25.02,2013-04-26,2014-10-12T02:10:00
117,Denise,Ortiz,67148.26,33.74,,
118,Tammy,Vasquez,92030.96,21.08,2001-04-10,2010-02-08T18:36:00
119,Anna,Henry,79083.32,39.01,2003-09-03,2001-12-05T08:01:00
120,Ashley,Cunningham,54010.79,36.06,2013-01-23,2010-08-10T06:39:00
121,Anna,Lynch,72871.24,15.32,2002-09-01,2007-03-24T09:45:00
122,Joseph,Fields,41320.31,26.01,2014-10-23,2009-11-08T13:43:00
123,Steven,White,69087.6,34.33,2015-07-01,2010-07-22T09:24:00
124,Earl,Kelley,42677.55,12.09,2001-03-08,2007-10-12T11:41:00
125,Doris,Ramos,98317.67,31.1,2013-10-30,2003-03-20T01:04:00
126,Andrea,Mendoza,87895.7,10.4,2013-05-15,2003-03-22T02:03:00
127,Helen,Lopez,,,2011-08-22,2010-03-15T20:17:00
128,Daniel,Davis,56019.21,24.82,2009-11-20,2004-04-09T16:11:00
129,Dorothy,Duncan,94238.41,36.87,2003-09-13,2002-08-14T03:31:00
130,Brandon,Taylor,96648.66,37.74,2013-01-31,2005-03-13T21:08:00
131,Helen,Chavez,43136.47,35.67,2006-05-26,2016-03-11T23:46:00
132,Rebecca,Kelley,87191.36,43.91,2005-05-20,2005-07-21T21:25:00
133,Joshua,Hansen,83456.51,21.66,2010-04-29,2004-09-16T03:41:00
134,Helen,Ellis,39447.77,14.01,2009-01-10,2006-07-30T12:44:00
135,Laura,Williamson,42093.46,10.1,2006-05-20,2008-03-19T12:30:00
136,Shirley,Rogers,,,2004-09-15,2002-10-13T14:44:00
137,Justin,Wood,91740.22,16.45,2006-10-29,2015-03-10T01:22:00
138,Steve,Webb,90326.28,35.46,2000-07-17,2013-01-14T21:08:00
139,Roger,Diaz,59511.17,27.85,2005-05-29,2009-06-29T00:02:00
140,Robert,Lawrence,95830.57,12.59,2004-02-07,2011-07-22T06:27:00
141,Frank,Reid,75222.43,40.03,2006-04-06,2015-03-15T04:18:00
142,Ryan,Mccoy,91358.89,13.7,2008-11-17,2009-05-20T05:03:00
143,Daniel,Boyd,33014.01,11.43,2007-03-26,2004-08-26T01:02:00
144,Harry,Lewis,76373.96,29.42,2006-09-05,2004-08-21T10:49:00
145,Jonathan,Franklin,,,2006-07-04,2009-11-12T16:43:00
146,Mary,Warren,88431.74,25.17,2008-06-03,2009-06-22T20:16:00
147,Craig,Murray,79896.07,34.84,2010-08-18,2011-04-22T13:12:00
148,Martin,Davis,64786.32,32.85,2001-11-18,2012-05-06T06:51:00
149,Joseph,Willis,98908.01,36.89,2008-09-21,2002-05-28T21:21:00
150,Jean,Harrison,48579.35,40.58,2001-05-04,2009-01-02T16:30:00
151,John,Bradley,97674.31,44.8,2007-12-11,2006-10-19T19:25:00
152,Scott,Pierce,59231.53,34.96,2000-08-19,2006-02-04T23:17:00
153,Craig,Fernandez,68712.91,44.49,2007-10-31,2012-11-10T10:13:00
154,Kathleen,Kelly,66177.86,36.77,2006-05-06,2014-12-24T05:03:00
155,Dennis,Rose,72904.94,12.43,2008-04-05,2008-12-10T22:07:00
156,Angela,Jackson,89487.29,40.65,2004-02-02,2008-03-29T04:57:00
157,Richard,Sims,85092.41,42.32,2002-10-28,2015-06-11T00:09:00
158,Daniel,Powell,76244.12,23.46,2001-07-13,2009-05-19T12:44:00
159,Anthony,Campbell,71367.83,16.82,2004-01-16,2014-06-06T22:05:00
160,Joe,Payne,82372.88,17.59,2011-10-24,2002-12-20T21:12:00
161,Howard,Black,87444.96,41.18,2001-03-05,2013-08-13T14:11:00
162,Daniel,Gonzalez,68065.02,10.51,2005-02-22,2007-11-17T01:35:00
163,Kathleen,Cruz,69444.82,22.41,2015-09-11,2010-07-24T14:27:00
164,Beverly,Watson,36069.66,30.34,2012-05-15,2000-05-07T17:17:00
165,Richard,Adams,67058.3,20.59,2007-09-07,2002-02-19T14:44:00
166,Juan,Meyer,84243.24,14.16,2015-07-25,2001-04-08T23:36:00
167,George,Jones,85039.59,26.57,2004-09-11,2001-02-26T00:18:00
168,Chris,Austin,96125.95,13.25,2011-07-04,2015-01-18T19:42:00
169,Fred,Reed,70472.69,38.06,2013-04-09,2012-06-16T07:35:00
170,Maria,Holmes,64115.2,41.34,2003-12-25,2003-09-25T05:59:00
171,Benjamin,Payne,85965.5,37.95,2013-10-22,2003-08-11T00:46:00
172,Martha,Bishop,99564.86,12.82,2013-09-22,2014-02-04T21:15:00
173,Kevin,Rice,74414.54,26.15,2005-08-13,2011-09-28T03:40:00
174,Terry,Rogers,67414.36,19.68,2003-08-19,2007-03-08T02:31:00
175,Jesse,Hansen,49132.82,29.95,2010-07-18,2002-09-26T02:53:00
176,Lori,Sims,95997.76,42.36,2012-01-22,2013-10-26T11:47:00
177,Frank,Moore,39640.43,42.62,2004-02-02,2015-01-28T18:29:00
178,Brian,Morris,60305.94,25.29,2000-07-19,2012-09-05T00:29:00
179,Daniel,Martin,85980.16,33.47,2014-09-01,2005-09-14T00:13:00
180,Rachel,Ross,,,2012-04-09,2000-08-16T03:00:00
181,Wanda,Lane,98861.82,15.32,2007-07-26,2010-01-31T19:12:00
182,Sandra,Fernandez,77833.72,20.83,2006-06-05,2015-01-20T18:12:00
183,Patricia,Hansen,,,2010-10-15,2011-07-17T00:36:00
184,Annie,Gomez,85099.41,20.75,,
185,Diane,Marshall,78792.46,28.95,2005-02-06,2001-01-06T14:18:00
186,Victor,Holmes,43267.24,24.99,2012-03-02,2009-06-28T07:16:00
187,Willie,Franklin,37340.68,36.75,2008-06-28,2002-05-05T21:12:00
188,Bruce,Robinson,62082.37,44.67,2004-10-30,2016-01-04T04:15:00
189,Keith,Rose,53133.97,16.15,2000-08-13,2006-05-02T00:06:00
190,Ashley,Turner,83113.19,41.27,2008-06-09,2010-12-10T20:04:00
191,Irene,Coleman,43351.96,13.21,2000-06-04,2012-12-10T07:21:00
192,Mildred,Green,56670.55,35.01,2001-09-06,2014-03-01T22:48:00
193,Julia,Perry,49057.1,24.43,2006-05-21,2001-11-12T03:42:00
194,Lois,Medina,87190.59,27.79,2008-05-26,2011-08-08T17:39:00
195,Clarence,Graham,58290.56,36.47,2010-07-22,2015-12-08T23:31:00
196,Tammy,Webb,66801.32,39.57,2008-02-08,2013-01-04T01:52:00
197,Chris,Pierce,52356.34,14.67,2012-05-31,2008-08-04T18:32:00
198,Ryan,Graham,58322.76,39.08,2007-08-24,2004-07-25T01:24:00
199,Shawn,Jackson,81454.2,20.36,2009-08-31,2002-09-15T19:19:00
200,Terry,Diaz,83459.6,22.07,2005-09-11,2004-01-18T10:16:00
201,Craig,Hall,94994.71,18.82,2004-02-08,2001-09-01T02:02:00
202,Kathleen,Jones,86176.73,42.83,2011-03-06,2004-09-19T08:17:00
203,Jacqueline,Patterson,93978.93,10.92,2005-11-15,2012-12-21T05:09:00
204,Randy,Lee,65689.07,29.13,2014-12-06,2003-06-19T06:20:00
205,Steve,Wheeler,31038,35.32,2014-05-04,2007-10-27T10:51:00
206,Sandra,Andrews,49961.38,33.37,2012-12-07,2004-01-10T00:56:00
207,Ruth,Black,95560.41,21.66,2008-09-02,2009-01-04T11:59:00
208,Norma,Hayes,77232.64,34.51,2005-04-10,2012-12-24T21:58:00
209,Robin,Alvarez,46399.02,28.91,2007-06-24,2007-07-17T15:19:00
210,Evelyn,Henderson,50581.2,42.42,2000-12-03,2001-09-14T07:03:00
211,Virginia,Reynolds,91291.89,28.21,2007-04-20,2009-03-29T20:55:00
212,Diana,Wallace,65657.39,23.42,2002-01-13,2005-09-07T15:38:00
213,Julie,Wilson,38278.62,41.95,2006-01-16,2003-05-09T17:37:00
214,Mark,Austin,79578.93,38.92,2015-06-28,2010-07-25T06:28:00
215,Cheryl,Day,92812.2,19.35,2014-02-14,2009-04-28T12:13:00
216,Clarence,Gardner,93493.63,21.15,2012-09-20,2009-04-22T16:15:00
217,Harold,Riley,57805.33,36.68,2006-08-27,2005-10-05T01:25:00
218,Steve,Hall,63325.8,35.97,2008-07-09,2011-04-03T07:26:00
219,Adam,Gilbert,95730.83,39,2014-08-14,2002-03-16T13:40:00
220,Arthur,Henry,32029.7,23.42,2001-08-09,2006-02-11T21:14:00
221,Diane,Robinson,76990.8,28.79,2007-09-05,2005-07-28T22:34:00
222,Gloria,Moreno,98879.41,31.35,2014-06-23,2005-06-14T21:39:00
223,Amanda,Johnston,73894.08,37,2001-01-25,2014-08-31T21:10:00
224,Joshua,Chapman,37050.95,20.25,2015-01-31,2001-11-16T02:03:00
225,Denise,Stephens,38867.53,43.01,2013-04-07,2001-07-07T05:59:00
226,Teresa,George,71933.74,21.95,2010-06-11,2005-03-03T22:46:00
227,Nicole,Murphy,43292.28,17.15,2016-04-10,2003-03-11T07:07:00
228,Norma,Chavez,66384.44,35.76,2003-01-02,2007-07-24T10:40:00
229,Juan,Murphy,82507.22,21.03,2004-04-07,2011-05-06T21:09:00
230,Paula,Franklin,89855.67,21.84,2011-07-09,2001-12-17T03:41:00
231,Jason,Ramos,32506.94,39.16,2013-12-18,2015-03-29T03:40:00
232,Ashley,Ross,62616.37,34.61,2005-06-03,2011-01-30T14:14:00
233,Timothy,Williams,43333.25,27.74,2000-10-13,2010-06-27T03:32:00
234,Peter,Wallace,79303.91,29.97,2009-06-08,2003-03-01T10:35:00
235,Andrew,Howell,66558.26,30.79,2000-08-20,2004-09-06T20:17:00
236,Jerry,Medina,52763.02,25.76,2015-09-28,2004-06-15T12:49:00
237,Jerry,Wright,80606.22,34.43,2008-03-13,2009-10-21T09:06:00
238,Earl,Turner,31789.97,28.75,2006-11-24,2013-04-29T23:06:00
239,Juan,Bell,99207.15,17.15,2002-05-17,2002-08-30T10:18:00
240,Michelle,Wilson,70163.03,21.75,2001-01-31,2008-08-11T13:03:00
241,Peter,Burke,30504.68,36.75,2011-03-12,2000-12-22T06:32:00
242,Joseph,Stewart,95162.04,10.48,2004-03-16,2011-06-06T01:08:00
243,Jonathan,Mendoza,66816.88,34.31,2010-07-12,2004-07-08T00:49:00
244,Betty,Dixon,48545.51,14.53,2010-11-03,2001-08-15T02:10:00
245,Jeffrey,Elliott,95898.74,44.96,2012-05-25,2007-12-22T08:15:00
246,Barbara,Davis,57802.35,19.35,2005-02-01,2008-11-29T21:54:00
247,Shawn,Long,34717.16,38.4,2014-07-13,2014-11-14T05:26:00
248,Diana,Carter,52309.54,28.51,,
249,Joshua,Diaz,32945.35,29.26,2001-05-29,2008-03-25T05:03:00
250,Jeremy,Fowler,79911.45,15.67,2015-07-31,2013-03-19T09:40:00
251,Shirley,Lawrence,94695.87,26.64,2003-08-02,2010-07-15T01:59:00
252,Ernest,Owens,64079.99,44.56,2008-02-23,2007-04-26T14:24:00
253,George,Matthews,86945.36,44.87,2002-06-23,2001-09-03T00:29:00
254,Thomas,Fowler,71382.55,36.05,2007-06-29,2009-08-28T10:25:00
255,Raymond,Clark,99192.37,32.62,2004-07-10,2015-12-14T08:25:00
256,Frank,Thomas,53234.4,23.85,2012-08-30,2011-10-25T04:47:00
257,Johnny,Carroll,48336.69,25.27,2007-01-09,2000-06-11T23:11:00
258,Jennifer,Ortiz,30589.98,34.47,2009-05-05,2007-12-31T06:18:00
259,Karen,Bradley,99095.57,40.31,2008-08-20,2002-07-02T16:19:00
260,Julia,Jackson,49179.31,36.38,2016-03-24,2011-02-11T09:42:00
261,Anne,Kim,87568.65,38.33,2002-02-23,2000-09-11T23:47:00
262,Marilyn,Ford,76002.14,11.59,2002-11-16,2010-05-06T10:11:00
263,Rebecca,Little,92820.14,22.09,2007-08-29,2015-07-16T10:32:00
264,Amy,Richardson,53231.86,20.78,2005-03-06,2011-03-24T18:41:00
265,Stephen,Watkins,81265.5,40.36,2001-10-28,2002-10-29T06:03:00
266,Jack,Harris,72680.17,18.13,2002-04-27,2012-03-22T06:41:00
267,Robert,Barnes,75611.77,29.7,2001-05-07,2003-01-13T06:19:00
268,Arthur,Scott,81805.9,30.59,2003-03-02,2008-02-16T09:50:00
269,Joshua,Fields,41573.05,26.26,2002-05-28,2004-03-06T00:00:00
270,Charles,Porter,81596.33,11.82,,
271,Christopher,Fowler,69478.84,36.71,2010-01-17,2015-02-01T00:20:00
272,Janet,Robinson,49547.08,32.92,2004-06-25,2003-06-30T12:11:00
273,Pamela,Lane,,,2006-11-09,2014-02-28T18:59:00
274,Shawn,Coleman,63829.3,24.53,2011-03-12,2003-10-12T17:15:00
275,Eugene,Evans,38382.97,36.1,2007-12-24,2006-07-11T11:15:00
276,Donald,Andrews,81272.33,36.31,2002-12-23,2003-02-23T00:04:00
277,Charles,Montgomery,86862.98,23.63,2003-07-19,2015-04-22T03:08:00
278,Jane,Cunningham,,,2003-02-21,2012-03-22T02:38:00
279,Irene,Cox,92577.93,28.17,2015-05-19,2005-01-19T04:09:00
280,Diane,Lawrence,70298.84,14.51,2008-02-02,2000-07-11T06:22:00
281,Michelle,Nichols,47747.5,19.07,2004-10-19,2010-11-16T21:56:00
282,Richard,Harvey,52281.89,32.53,2014-08-04,2008-09-15T23:32:00
283,Anthony,Johnson,49630.87,32.69,2002-11-25,2002-04-25T10:30:00
284,Kathleen,Gonzales,94389.14,24.91,2009-06-12,2000-07-05T14:52:00
285,Donna,Kelley,74532.99,30.23,2008-12-05,2006-10-23T02:22:00
286,Fred,Howard,82558.15,35.86,2014-07-21,2001-06-14T22:07:00
287,Judy,Bowman,33727.98,17.42,2006-07-07,2011-05-26T18:46:00
288,Kathy,Russell,40142.54,28.83,2006-02-10,2000-11-03T22:16:00
289,Terry,Harris,,,2001-04-01,2006-09-12T03:34:00
290,David,Harvey,39114.64,19.69,2011-06-17,2016-01-20T21:13:00
291,Rose,Patterson,69956.29,34.67,2013-03-06,2008-05-12T03:39:00
292,Russell,Palmer,31250.5,30.55,2011-04-05,2014-09-01T04:39:00
293,Benjamin,Dunn,50048.66,30.07,2002-06-26,2008-07-18T13:38:00
294,Carolyn,Cruz,68252.51,11.29,2006-06-16,2011-06-25T19:23:00
295,Daniel,King,70876.33,27.98,2008-08-18,2013-07-02T01:48:00
296,Ann,Sullivan,61807.2,31.94,2005-05-11,2002-01-01T22:16:00
297,Joan,Peterson,90116.54,10.87,2003-05-02,2005-11-17T13:41:00
298,Henry,Snyder,85285,15.13,2009-05-07,2009-01-03T16:37:00
299,Jennifer,Jones,83886.84,11.58,2008-11-01,2013-07-07T02:56:00
300,Jason,Allen,78851.1,38.93,2013-05-04,2004-12-08T18:16:00
301,Sara,Olson,45884.08,14.14,2002-01-22,2010-03-26T20:46:00
302,Ronald,Evans,41100.71,42.52,2011-09-08,2008-08-22T21:28:00
303,Juan,Lewis,52106.63,40.83,2016-01-19,2008-06-09T13:11:00
304,Sandra,Wells,49522.97,41.08,2002-04-22,2013-04-13T22:49:00
305,Billy,Stone,89946.7,11.09,2009-02-19,2012-08-25T12:27:00
306,Michelle,Sims,93062.74,27.37,2003-08-24,2014-05-05T00:45:00
307,Ralph,Hanson,33587.94,39.66,2007-03-12,2011-05-13T09:19:00
308,Bonnie,Watkins,61849.28,21.41,2011-03-30,2008-02-08T17:19:00
309,Deborah,Garza,70860.93,34.84,2007-11-14,2012-02-14T15:34:00
310,Julia,Howard,33948.24,19.97,2002-10-30,2013-03-18T16:40:00
311,Donna,Hunter,74771.57,37.77,2008-10-08,2005-10-04T01:00:00
312,Tammy,Phillips,42716.58,32.73,2014-12-09,2007-08-10T08:14:00
313,Janice,Robertson,96868.05,35,2004-11-15,2002-03-17T11:38:00
314,Craig,Martinez,39997.04,14.46,2010-01-02,2014-04-03T20:22:00
315,Elizabeth,Bryant,,,2011-02-01,2015-05-09T22:15:00
316,Elizabeth,Gray,,,2008-07-02,2006-09-05T17:10:00
317,Brandon,Peterson,35919.61,10.48,2003-05-10,2012-07-01T12:56:00
318,Walter,Adams,70000.55,24.84,2009-02-02,2012-10-26T08:18:00
319,Lois,Stephens,85754.66,25.05,2013-03-23,2012-12-01T19:07:00
320,Jack,Rose,91641.14,39.98,2004-04-08,2013-10-21T05:05:00
321,Chris,Romero,66061.82,38.47,2009-06-25,2013-06-19T10:01:00
322,Michelle,Porter,47346.89,21.24,2001-05-09,2000-09-03T02:38:00
323,Andrea,Henderson,51455.35,16.09,2010-05-31,2013-04-16T14:56:00
324,Justin,Arnold,72247.57,20.88,2003-01-09,2012-12-12T07:40:00
325,Patricia,Harper,58318.83,30.34,2009-11-24,2005-11-06T07:10:00
326,Craig,Sims,67125.8,40.14,2012-11-09,2014-01-01T16:33:00
327,Kathleen,Austin,83115.82,39.35,2004-12-31,2012-12-14T14:54:00
328,Carl,Carr,69370.14,19.55,2005-11-06,2013-07-05T20:00:00
329,Angela,Garcia,90817.03,31.02,2014-06-30,2004-05-21T04:42:00
330,Terry,Green,75442.78,12.4,2009-05-27,2001-05-14T19:57:00
331,Joan,Gilbert,45855.69,40.4,2015-04-18,2010-02-13T03:23:00
332,Robert,Robinson,53171.73,38.73,2013-07-22,2014-08-28T10:09:00
333,Kathryn,Jacobs,35063.88,37.78,2006-09-07,2010-09-13T06:29:00
334,Andrea,Cruz,47578.72,17.66,2002-08-27,2002-10-04T06:18:00
335,Johnny,Myers,64430.38,15.79,2002-09-09,2016-04-22T23:44:00
336,Craig,Jones,98168.59,20.53,2014-08-23,2008-11-28T17:25:00
337,Jonathan,Burke,93012.32,11.33,2010-09-16,2013-04-17T02:03:00
338,Steven,Gibson,53659.81,12.11,2002-04-09,2003-07-16T14:48:00
339,Shirley,Henderson,89386.27,17.26,2014-03-13,2011-09-02T03:06:00
340,Doris,Little,96983.28,23.92,,
341,Christina,Weaver,48523.01,10.98,2001-06-04,2006-11-30T14:13:00
342,Steven,Kim,39345.35,16.07,2006-01-12,2015-10-02T01:19:00
343,John,Montgomery,94024.26,39.6,2004-11-29,2000-11-07T19:22:00
344,Ann,Powell,33498.41,31.29,2002-03-10,2015-01-15T11:40:00
345,Lisa,Watson,46561.02,27.22,2015-06-12,2001-06-03T20:41:00
346,Jose,Snyder,66576.66,37.5,2015-02-04,2002-06-18T14:10:00
347,Christina,Morgan,89932.63,19.36,2009-09-12,2002-06-21T18:50:00
348,Annie,Parker,82846.98,24.48,2002-10-03,2007-08-23T06:06:00
349,Justin,Montgomery,70033.05,37.37,2011-09-25,2007-05-21T09:19:00
350,Jennifer,Reid,68830.78,38.62,2005-09-12,2004-04-01T21:24:00
351,Helen,Cook,47209.85,18.07,2006-06-10,2012-05-31T15:19:00
352,Sara,Perkins,30302.73,12.13,2004-08-03,2009-02-19T00:19:00
353,Justin,Evans,69055.15,35.35,2001-04-04,2011-11-27T08:38:00
354,Kevin,Mendoza,86783.86,11.73,2003-05-14,2000-05-27T09:53:00
355,Phyllis,Wright,86762.99,35.68,2004-12-19,2010-02-18T04:10:00
356,Anna,Diaz,67422.29,20.33,2000-12-28,2002-12-23T09:31:00
357,Eugene,Jones,82650.9,17.47,2001-11-14,2008-07-09T05:31:00
358,Jane,Wright,84441.37,33.7,2006-06-01,2015-04-13T16:00:00
359,Janet,Powell,94469.84,14.95,2010-09-14,2003-11-09T04:44:00
360,Diana,Watson,93506.56,33.67,2002-12-05,2007-02-04T11:00:00
361,Raymond,Sanders,53726.57,24.6,2015-07-25,2011-10-31T00:50:00
362,Maria,Carpenter,56402.37,33.89,2005-04-08,2000-06-04T23:04:00
363,Juan,Warren,97980,10.5,2001-09-25,2012-03-08T21:17:00
364,Gary,Cooper,48081.52,38.46,,
365,Tammy,Oliver,66191.53,25.49,2002-06-09,2007-05-01T20:57:00
366,Shirley,Lewis,55808.81,26.68,2013-11-30,2006-04-12T06:56:00
367,Elizabeth,Cunningham,93492.98,23.97,2012-06-06,2008-10-17T02:06:00
368,Jessica,Miller,57487.53,19.59,2004-11-05,2009-11-19T00:30:00
369,Marilyn,Bishop,86792.66,21.07,2000-06-02,2008-06-01T16:34:00
370,Victor,Moreno,35758.01,41.95,2011-06-22,2013-07-08T02:13:00
371,Gregory,Reyes,46659.43,11.59,2004-03-15,2002-01-29T03:10:00
372,Doris,Gray,70243.9,20.25,2014-07-31,2003-03-15T00:48:00
373,Terry,Gardner,81241.17,34.38,2013-01-19,2008-08-14T07:45:00
374,Sean,Murphy,91166.69,17.88,2008-07-24,2003-03-20T17:32:00
375,John,Hayes,35873.25,18.38,2004-02-20,2009-03-20T17:32:00
376,Timothy,Carroll,52476.24,16.02,2008-05-23,2007-05-14T09:00:00
377,Benjamin,Alvarez,93532.71,20.29,2010-12-17,2001-09-13T14:29:00
378,Thomas,Collins,62574.81,20.53,2005-05-13,2012-07-28T01:15:00
379,Victor,Stanley,45983.35,12.86,2003-05-01,2000-06-20T20:26:00
380,Peter,Carr,96918.43,25.98,2003-07-23,2014-09-23T05:47:00
381,Albert,Oliver,63336,25.24,,
382,Wayne,Hart,64705.3,27.65,2014-11-01,2015-03-24T06:30:00
383,Joseph,Willis,86199.68,40.03,2004-07-26,2006-05-03T11:19:00
384,Lori,Webb,94245.04,35.87,2000-07-09,2013-11-09T14:35:00
385,Sandra,Hughes,96903.57,22.43,2000-08-21,2006-02-09T07:04:00
386,Tammy,Carr,83895.91,22.6,2002-08-12,2002-01-30T21:31:00
387,Anthony,Boyd,73994.92,36.76,2004-05-20,2013-09-08T16:00:00
388,Ryan,Coleman,62639.03,16.27,2014-08-04,2015-10-22T18:51:00
389,Mildred,Payne,70517.18,38.56,,
390,Alice,Torres,45415.57,41.39,2009-09-20,2014-02-12T16:57:00
391,Sara,Fowler,42833.05,20.78,2008-11-05,2015-09-30T09:10:00
392,Robert,Austin,70539.16,31.27,2014-03-28,2014-06-21T03:16:00
393,Joe,Greene,75247.12,37.09,2008-06-01,2013-07-25T08:56:00
394,Arthur,Olson,69105.09,16.24,2003-10-19,2016-01-17T22:53:00
395,Victor,Schmidt,68131.93,22.42,2009-04-26,2008-12-16T00:00:00
396,Ashley,Carr,52589.3,12.28,2007-12-26,2004-06-29T10:37:00
397,Victor,Bradley,46856.73,30.91,2007-12-04,2005-06-15T01:29:00
398,Carolyn,Gonzales,39741.91,21.99,2008-03-19,2008-01-14T07:21:00
399,Judy,Rodriguez,49730.93,39.67,2010-10-17,2013-05-28T01:28:00
400,Amy,Burke,35245.77,14.99,2006-03-06,2005-07-11T19:39:00
401,Justin,Gibson,,,2003-02-21,2001-08-11T02:38:00
402,Harold,Harris,55890.91,39.83,2004-01-04,2005-01-07T06:49:00
403,Julie,Miller,84210.96,13.17,2010-06-10,2007-11-05T17:19:00
404,Judy,Mendoza,77747.98,34.11,2010-11-12,2003-03-13T22:14:00
405,Denise,Gonzalez,,,2011-05-28,2013-07-15T08:04:00
406,Henry,Jackson,58004.04,38,2000-12-19,2004-04-22T07:31:00
407,John,Graham,82507.3,16.2,2010-05-22,2002-05-10T15:28:00
408,Joseph,Hanson,40180.11,22.68,,
409,Elizabeth,Nguyen,,,2002-03-08,2002-11-08T21:27:00
410,Nicole,Warren,40388.35,27.82,2001-12-28,2008-09-07T16:43:00
411,Jose,Ray,90267.29,41.43,2013-08-10,2012-03-25T06:03:00
412,Samuel,Lane,86031.21,11.72,2009-09-17,2013-08-08T05:31:00
413,Timothy,Wright,78452.12,39.67,2004-04-27,2007-11-02T01:09:00
414,Deborah,Simmons,35789.97,42.63,2009-02-18,2016-04-05T16:24:00
415,Patrick,Alexander,52875.47,33.28,2008-08-10,2002-01-12T17:31:00
416,Robin,Kelly,81755.04,19.43,2000-05-17,2010-07-03T14:01:00
417,Sean,Ramos,,,2007-08-22,2002-06-29T00:13:00
418,Christopher,Dean,39554.9,16.11,2012-03-21,2005-06-18T13:31:00
419,Chris,Crawford,50565.2,41.79,2006-08-29,2005-08-01T08:53:00
420,Kathy,Grant,55142.46,21.86,2008-09-09,2010-02-18T21:04:00
421,Wayne,Morales,42043.14,41.07,2012-06-27,2015-09-13T19:53:00
422,Roy,Ford,30060.12,25.35,2005-11-20,2004-08-16T19:38:00
423,Keith,Price,62123.94,18.13,2003-05-19,2004-01-24T00:42:00
424,Jessica,Wood,34806.74,35.86,2002-02-17,2016-04-16T03:01:00
425,Joe,Ruiz,54454.46,35.35,2013-07-29,2003-04-12T18:03:00
426,Shirley,Garrett,60187.52,10.29,2014-05-24,2015-01-31T01:23:00
427,Ruby,George,52930.74,21.56,2014-04-20,2001-11-27T10:52:00
428,Amanda,Henderson,74798.1,17.04,2010-04-30,2001-03-09T14:53:00
429,Antonio,Shaw,86738.86,36.35,2000-05-08,2006-01-27T04:18:00
430,Randy,Wagner,32928.38,16.47,2015-04-21,2005-07-05T09:33:00
431,Fred,Murphy,73891.53,28.55,2012-05-25,2003-02-11T22:36:00
432,Steve,Carpenter,47303.37,37.92,2011-01-12,2006-04-25T13:12:00
433,Stephanie,Gordon,59719.01,22.85,2002-11-30,2004-02-26T17:08:00
434,Keith,Murray,37311.89,20.01,2001-11-16,2006-03-28T12:33:00
435,Fred,Gonzalez,43888.66,29.15,2014-09-12,2015-12-28T20:00:00
436,Alice,Gomez,47610.75,14.86,2008-02-14,2002-10-23T23:57:00
437,Kenneth,Ward,84521.72,21.54,2007-09-20,2012-03-09T06:11:00
438,Karen,Gutierrez,96177.97,11.3,2005-06-03,2012-06-17T21:28:00
439,Kevin,Thomas,69242.54,13.53,2006-05-07,2002-02-23T20:58:00
440,Patricia,Robinson,61196,27.76,2013-01-24,2013-08-10T22:47:00
441,James,Anderson,37341.58,38.84,2000-06-22,2001-01-28T06:41:00
442,Earl,Anderson,32890.68,22.93,2015-03-16,2015-12-26T04:20:00
443,Julia,Berry,37346.68,30.33,2009-03-11,2011-06-22T11:40:00
444,Joshua,Payne,65792.7,14.84,2002-04-07,2001-10-20T17:41:00
445,Janet,Stone,52228.34,19.67,2003-03-21,2014-10-11T00:43:00
446,Douglas,Matthews,54432.76,35.66,2002-07-19,2011-03-14T11:42:00
447,Johnny,Warren,33818.21,13.21,2009-09-06,2013-07-04T07:02:00
448,Roy,Moreno,37291.89,40.57,2001-05-06,2007-01-19T06:49:00
449,Charles,Gonzalez,92940.91,32.98,2011-03-19,2005-11-27T11:36:00
450,Chris,Perkins,60868.49,30.75,2005-08-14,2003-08-09T11:20:00
451,Willie,Cook,74691.62,13.14,2008-02-05,2015-08-03T22:50:00
452,Irene,Sanchez,60156.46,39.2,2001-06-04,2013-10-04T12:46:00
453,Robin,White,81612.11,32.12,2010-03-19,2008-09-14T01:04:00
454,Paul,Powell,46702.83,14.56,2014-10-19,2005-11-03T07:02:00
455,Denise,Brown,82625.22,33.75,2015-07-14,2013-02-16T04:41:00
456,Nancy,Carpenter,76727.51,15.56,,
457,Marie,George,57954.01,12.67,2013-05-09,2014-07-18T05:37:00
458,Richard,Gibson,57022.56,18.59,2014-02-22,2007-03-22T19:41:00
459,Sharon,Moore,67060.2,33.35,2015-07-12,2010-11-06T22:11:00
460,Helen,Shaw,66976.56,36.86,2010-08-30,2011-05-05T11:02:00
461,Eric,Peterson,,,2013-10-19,2010-11-14T23:10:00
462,Joshua,Holmes,81919.41,23.35,2005-07-03,2012-04-25T02:42:00
463,Benjamin,Woods,47464.78,22.8,2005-06-17,2014-11-12T15:22:00
464,Matthew,Sanders,74570.6,31.67,2015-11-20,2011-03-13T08:31:00
465,Katherine,Hayes,69140.32,18.01,2012-08-12,2015-04-12T10:50:00
466,Lori,Bishop,94337.15,43.12,2004-08-20,2014-10-14T23:47:00
467,Norma,Reynolds,49768.55,38.75,2009-11-07,2011-06-17T00:33:00
468,Rebecca,Williamson,32122.18,42.57,2000-12-21,2003-05-09T15:31:00
469,Elizabeth,Powell,85760.61,15.76,2006-01-06,2005-12-21T19:00:00
470,Gerald,Duncan,83883.13,11.36,2002-10-09,2008-10-17T00:27:00
471,Bobby,Fields,51469.81,28.8,2000-11-05,2004-08-27T21:15:00
472,Karen,Greene,44924.55,40.31,2012-01-22,2003-07-05T13:08:00
473,Elizabeth,Thomas,86844.2,36.7,2012-04-24,2006-05-25T18:21:00
474,Robin,Fox,59950.45,34.8,2007-12-08,2014-06-21T20:52:00
475,Sean,West,54572.65,20.04,2015-02-22,2015-01-18T03:01:00
476,Frank,Carr,89413.42,13.26,2005-03-16,2005-04-24T12:46:00
477,Craig,Howard,69525.64,37.17,,
478,Rebecca,Garrett,51608.46,38.81,2001-07-19,2009-07-27T09:54:00
479,Catherine,Welch,37656.37,35.21,2005-12-21,2002-10-02T06:05:00
480,Craig,Cox,92310.47,29.97,2003-09-08,2015-05-15T12:15:00
481,Walter,Tucker,78381.48,24.64,2009-04-02,2005-12-26T09:44:00
482,Timothy,Perez,72673.7,43.01,2007-08-14,2000-08-02T15:19:00
483,Julia,Berry,51065.72,29.05,2008-10-14,2003-07-10T13:06:00
484,Christina,Harris,76172.38,39.03,2016-04-28,2007-07-25T04:52:00
485,Andrew,Oliver,39284.22,15.81,2007-07-27,2007-05-28T13:01:00
486,Ronald,Phillips,54509.96,16.18,2016-01-03,2010-05-24T08:31:00
487,Carl,Boyd,81018.85,27.55,2013-06-27,2005-01-13T22:31:00
488,Kathryn,Willis,67579.74,10.86,2003-12-22,2015-05-20T15:03:00
489,Antonio,Vasquez,45763.52,43.32,2001-02-27,2005-10-14T02:01:00
490,Harold,Bell,55101.93,15.79,2006-02-24,2007-02-07T09:09:00
491,Henry,Woods,84633.69,16.49,2014-06-23,2006-10-23T23:45:00
492,Eugene,Mitchell,37475.49,14.96,2006-10-02,2004-08-23T13:06:00
493,Pamela,Bennett,36335.66,30.71,2002-03-28,2007-03-17T11:29:00
494,Juan,Gray,98469.66,25.22,2000-11-18,2007-05-02T00:03:00
495,Judy,Thomas,51260.35,15.8,2008-08-02,2010-04-09T06:56:00
496,Amanda,Perkins,71575.17,34.39,2001-06-26,2009-07-26T08:29:00
497,Samuel,Simmons,94819.82,41.64,2010-09-30,2006-08-19T15:14:00
498,Kimberly,Richardson,54643.5,44.93,2011-07-29,2007-05-01T23:27:00
499,Jason,Hunter,34462.3,33.24,2010-10-23,2013-06-26T17:53:00
500,Steven,Reid,45003.13,16.81,2014-07-12,2007-10-23T15:33:00
501,Maria,Kelly,77073.7,19.36,2014-12-16,2010-06-06T02:51:00
502,Joan,Taylor,88875.51,42.03,2002-12-22,2008-10-26T15:39:00
503,Diane,Carter,38751.1,15.19,2011-10-18,2001-08-03T04:17:00
504,Deborah,Hunt,,,2009-02-26,2005-08-11T08:29:00
505,Alice,Sullivan,58383.45,33.98,2013-09-06,2009-03-14T01:37:00
506,Dorothy,Chavez,74989.16,41.35,2013-09-27,2002-12-04T05:07:00
507,Lisa,Myers,92491.7,12.45,2003-07-23,2001-12-15T12:50:00
508,Joseph,Hansen,62700.15,43.95,2013-08-03,2004-08-19T07:22:00
509,Joshua,Hunt,40323.27,26.35,2004-03-19,2012-07-12T21:13:00
510,Denise,Jordan,45822.6,43.78,2002-05-27,2008-11-16T11:05:00
511,James,Hernandez,83461.62,40.86,2005-02-25,2013-10-14T00:38:00
512,Andrea,Olson,97522.74,31.76,2001-11-17,2013-11-20T16:10:00
513,Ronald,Gonzalez,87832.83,30.28,2001-05-08,2002-11-08T03:26:00
514,Frank,Murphy,54229.71,29.47,2011-05-14,2015-10-13T23:55:00
515,Ralph,Mcdonald,93737.09,16.12,2014-11-13,2004-11-19T17:03:00
516,Edward,Larson,60318.99,18.34,2001-07-26,2012-03-27T04:00:00
517,Barbara,Knight,83973.91,24.17,2013-02-15,2005-10-31T07:36:00
518,Sarah,Watkins,52630.01,10.87,2003-07-15,2011-07-02T07:42:00
519,George,Ramos,32117.55,33.27,2003-04-14,2008-03-28T12:24:00
520,Martha,Wright,83837.32,16.34,2008-04-12,2004-01-04T05:49:00
521,Andrew,Rivera,88412.46,41.21,2016-03-05,2010-05-05T06:44:00
522,Nicole,Dixon,94178.26,36.05,2004-08-05,2004-03-18T22:33:00
523,Alice,Lynch,75094.51,42.61,2005-12-23,2012-09-18T23:30:00
524,Juan,Cole,89228.87,35.89,2009-05-06,2006-05-17T10:14:00
525,Willie,Holmes,69645.04,18.34,2002-07-11,2005-05-07T05:35:00
526,Lisa,Sanders,48141.01,38.42,2016-02-11,2007-02-19T00:06:00
527,Jeremy,Young,62016.67,27.29,2000-06-16,2009-12-23T14:12:00
528,Gregory,Gardner,35683.41,43.24,2009-05-12,2003-10-08T01:54:00
529,Donna,Boyd,39572.73,35.71,2013-09-11,2006-11-01T17:49:00
530,Jesse,Boyd,67255.22,10.56,2014-02-12,2007-02-13T23:20:00
531,Antonio,Romero,47605.05,12.7,2010-08-30,2012-06-08T06:38:00
532,Joe,Patterson,77433.78,35.23,2015-03-24,2011-09-03T23:46:00
533,Doris,Diaz,90023.56,13.65,2001-09-17,2003-05-11T11:44:00
534,Brenda,Thompson,58081.59,27.52,2007-06-07,2002-10-02T05:48:00
535,George,Rose,45418.28,20.32,2002-01-02,2013-08-12T23:53:00
536,Denise,Black,34342.12,25.19,2012-10-04,2002-08-02T00:11:00
537,Nicole,Hawkins,52546.69,31.08,2015-11-21,2014-02-01T01:54:00
538,Gloria,Snyder,72153.4,15.98,2015-10-22,2009-04-16T14:24:00
539,Larry,Woods,83294.05,32.89,2008-05-29,2010-04-09T16:59:00
540,Donna,Davis,76702.76,15.15,2011-01-30,2007-03-14T19:12:00
541,Jean,Hawkins,40209.82,21.47,2007-11-26,2008-05-20T09:48:00
542,Antonio,Pierce,34064.27,32.62,2007-07-14,2002-12-11T01:56:00
543,Adam,Torres,94189.03,11.24,2010-09-04,2006-11-29T04:39:00
544,Amanda,Rodriguez,77833.97,14.52,2005-04-17,2005-02-08T03:59:00
545,Helen,Sullivan,44998.4,41.71,,
546,Juan,Hudson,82220.67,34.36,2011-02-06,2005-08-27T06:25:00
547,Maria,Jenkins,94365.6,27.65,2013-11-16,2014-06-11T11:06:00
548,Arthur,Torres,49174.42,26.59,2013-05-12,2004-04-23T06:44:00
549,Edward,Reynolds,69443.69,19.66,2001-12-13,2006-05-27T20:47:00
550,Tammy,Kim,65375.37,34.71,2008-09-12,2001-11-13T15:13:00
551,Cheryl,Peters,30473.91,11.39,,
552,Brenda,Palmer,51328.47,36.56,2007-10-10,2015-01-28T13:08:00
553,Alice,Meyer,93196.02,21.37,,
554,Doris,Martin,84716.63,33.31,2006-09-18,2004-05-14T22:12:00
555,Martha,Young,61113.63,25.42,2015-10-17,2012-06-01T07:11:00
556,Rachel,Fowler,37680.12,24.56,2003-02-28,2009-07-11T21:20:00
557,Jennifer,Garcia,40501.97,33.9,2000-06-01,2013-12-08T21:41:00
558,Harry,Alvarez,89399.4,37.98,2002-09-27,2005-10-21T15:12:00
559,Anna,Hanson,91295.35,36.96,2007-11-30,2010-03-23T12:46:00
560,Charles,Austin,36155.69,41.12,2002-06-08,2008-09-16T21:41:00
561,Edward,Smith,51295.08,44.74,2002-11-16,2003-07-12T06:47:00
562,Emily,Lee,31924.97,27.87,2000-12-11,2002-03-19T04:25:00
563,Stephen,Harvey,,,2005-09-18,2005-10-16T08:03:00
564,Roger,Ray,85456.52,22.01,2014-04-29,2013-01-03T11:58:00
565,Stephen,Stephens,30430.27,37.03,2009-10-27,2002-08-17T01:26:00
566,Irene,Gilbert,44392.93,10.02,2003-11-24,2005-07-31T18:24:00
567,Eric,Gray,65604.07,20.79,2016-03-17,2003-01-21T06:47:00
568,Ronald,Robinson,73007.23,31.58,2005-05-14,2002-10-14T21:20:00
569,Terry,Clark,,,2004-09-18,2000-10-16T22:56:00
570,Irene,Hudson,70933.07,39.2,2010-02-20,2014-10-30T00:08:00
571,Paula,Ford,30769.27,30.59,2015-11-01,2005-11-05T07:34:00
572,Ruth,Fields,86402.03,35.71,2012-07-09,2013-07-13T11:11:00
573,Lawrence,Rice,51324.75,33.76,2015-05-15,2008-02-27T00:40:00
574,Debra,Medina,50098.26,26.94,2011-03-15,2008-09-19T05:09:00
575,Jennifer,Graham,39260.33,28.37,2005-04-28,2004-03-02T06:02:00
576,Wayne,Cole,53379.01,43.07,2013-07-12,2005-03-06T23:00:00
577,Ruby,Brown,48752.17,43.89,2011-11-05,2011-06-13T23:03:00
578,Brian,Hudson,62491.62,20.39,2014-06-04,2013-01-12T16:57:00
579,Janice,Hawkins,47313.73,26.68,2005-02-02,2002-08-27T22:12:00
580,Jesse,Bishop,92250.09,37.94,2010-07-21,2005-05-30T04:56:00
581,Marie,Burns,84808.46,39.63,2006-08-10,2002-08-26T06:35:00
582,Cynthia,White,30685.12,32.07,2002-09-07,2012-08-29T07:49:00
583,Kenneth,Evans,84731.11,25.94,2006-06-05,2012-08-07T16:37:00
584,Stephen,Lewis,85615.81,44.77,2012-08-31,2015-07-27T02:26:00
585,Angela,Baker,69579.82,34.04,2005-04-24,2016-03-22T05:32:00
586,Willie,Sanders,48429.1,25.26,2003-04-01,2003-03-16T20:25:00
587,Christopher,Montgomery,83568.25,40,2007-09-06,2000-09-14T11:59:00
588,Kelly,Little,72649.36,27.68,2013-05-30,2007-11-03T06:40:00
589,Walter,Murray,74299.58,22.22,2014-05-03,2012-07-04T08:48:00
590,Willie,Ray,79385.98,21.65,2005-07-27,2002-02-24T23:06:00
591,Frances,Sims,56454.93,27.62,2008-06-24,2002-06-05T12:48:00
592,Michelle,Peters,43371.49,24.65,2004-02-05,2013-08-25T04:18:00
593,Karen,Peterson,62236.03,26.73,2012-02-10,2001-03-07T01:06:00
594,George,Richardson,32142.81,43.47,,
595,Victor,Hill,82663.45,20.15,2015-03-09,2000-07-28T18:56:00
596,Kelly,Williams,89217.19,21.19,2006-02-16,2005-01-11T01:39:00
597,George,Alvarez,98807.84,36.69,,
598,Annie,Hernandez,68392.74,25.07,2000-06-09,2014-04-11T23:41:00
599,Earl,Kennedy,47632.6,37.07,2007-09-14,2016-01-22T04:20:00
600,Shawn,Crawford,67808.82,44.26,2011-11-14,2004-09-02T23:10:00
601,Diane,Jones,58129.49,15.51,,
602,Judith,Webb,98625.09,28.84,2013-02-02,2010-05-31T16:03:00
603,Linda,Fox,60534.8,14.02,2015-10-17,2015-08-29T03:05:00
604,Julie,Ward,60061.37,26.96,2011-05-09,2001-04-18T21:49:00
605,Craig,Cruz,33224.89,36.7,2009-11-19,2015-11-16T08:29:00
606,Juan,Diaz,79772.64,11.48,2002-03-27,2012-05-02T08:15:00
607,Virginia,Medina,92497.37,16.49,2005-01-20,2015-11-06T16:02:00
608,Raymond,Gutierrez,35821.29,18.02,,
609,Chris,Ross,39803.64,23.67,2001-06-28,2004-12-31T20:39:00
610,Barbara,Griffin,82843.16,11.65,2008-11-16,2015-07-27T00:15:00
611,Terry,Mccoy,68156.79,18.09,2006-11-02,2004-04-03T12:12:00
612,Gerald,Wilson,31191.91,29.08,2012-10-08,2014-03-02T15:25:00
613,Kathleen,Taylor,49073.98,32.28,2008-07-27,2014-10-12T11:56:00
614,Adam,Bell,45530.58,33.95,2000-09-18,2009-01-23T21:54:00
615,Joshua,Rogers,40267.53,31.96,2010-12-23,2008-12-10T07:06:00
616,Bonnie,Boyd,40955.62,20,2003-06-23,2012-12-28T07:41:00
617,Marie,Baker,65869.16,13.83,,
618,Heather,Hicks,93637,15.57,2007-05-28,2010-04-11T10:41:00
619,Justin,Burton,34964.46,44.37,2015-05-09,2002-09-03T14:33:00
620,Bonnie,Fernandez,79386.46,23.26,2008-01-23,2013-07-29T22:41:00
621,Joyce,Sanchez,82640.4,12.12,2005-02-15,2014-08-05T09:49:00
622,Jeremy,Burke,88336.22,40.65,2015-03-26,2012-09-12T00:04:00
623,Andrew,Collins,60301.58,38.47,2002-03-26,2001-07-30T04:57:00
624,James,Cox,90660.93,34.93,2006-06-06,2015-05-26T11:54:00
625,Janet,Dean,93245.55,43.42,2006-11-25,2005-02-14T18:29:00
626,Barbara,Mills,30237.72,39.33,2008-11-20,2005-04-28T15:47:00
627,Cheryl,Watkins,93559.07,16.19,2004-01-02,2007-04-08T18:53:00
628,Judy,Fuller,41849.9,17.7,2014-07-20,2003-01-21T02:57:00
629,Kelly,Fields,69577.9,26.62,2006-08-14,2003-05-12T23:19:00
630,Angela,Kelley,31742.6,12.14,2006-09-10,2001-03-17T08:10:00
631,Carol,Payne,38938.38,41.75,2010-06-10,2002-08-31T15:23:00
632,George,Payne,49761.47,32.31,2006-08-19,2005-02-01T01:39:00
633,William,Jenkins,84319.49,33.76,2011-07-27,2007-02-10T14:27:00
634,Katherine,Larson,34063.8,10.14,2014-07-01,2007-12-08T10:41:00
635,Kevin,Sims,31535.26,15.33,2008-07-18,2015-10-14T23:19:00
636,Rebecca,Cole,84652.24,34.48,2005-10-13,2014-07-20T03:51:00
637,Stephanie,Willis,92177.32,17.42,2003-04-02,2014-07-18T09:43:00
638,Lawrence,Richards,80751.82,16.7,2006-06-14,2010-06-09T15:50:00
639,Bruce,Reyes,67942.76,23.96,2012-07-16,2015-05-11T02:56:00
640,Gloria,Ray,53232.97,24.07,2009-11-22,2002-11-20T23:54:00
641,Evelyn,Bryant,79291,21.83,2012-10-03,2012-06-23T04:58:00
642,Amy,Gibson,70777.3,32.23,2009-04-02,2014-04-11T20:44:00
643,George,Powell,60620.23,21.52,2011-01-14,2000-05-14T00:26:00
644,Harold,Wagner,48654.49,38.25,2007-08-24,2009-02-04T13:14:00
645,Eugene,Payne,95262.81,26.04,2009-03-14,2003-08-10T21:04:00
646,Ann,Harris,64001.3,36.83,2016-03-02,2003-08-23T18:12:00
647,Doris,Reed,48270.99,28.28,2009-07-24,2007-10-10T03:21:00
648,Martha,Wells,93491.88,35.66,2008-09-16,2015-11-13T09:46:00
649,Sarah,Bryant,56721.12,27.67,2000-10-17,2009-10-05T11:35:00
650,Jane,Cox,97761.69,13.64,2003-01-06,2013-02-07T04:21:00
651,Robin,Ramirez,94914.51,26.47,2002-03-15,2012-12-08T08:55:00
652,Walter,Rose,63763.51,34.5,2001-12-16,2004-07-18T17:40:00
653,Eric,Harrison,33833.96,26.14,2005-01-31,2015-02-22T23:59:00
654,Bobby,Medina,57478.63,12.05,2011-05-09,2006-12-19T06:45:00
655,Edward,Martin,40396.64,24.96,2008-07-06,2002-09-12T17:06:00
656,Louis,Moore,76017.6,39.34,2002-01-03,2005-10-16T16:57:00
657,Thomas,Kim,,,2014-04-10,2000-07-04T04:00:00
658,Doris,Hall,90209.21,30.97,2001-10-12,2012-06-17T16:51:00
659,Jonathan,Gomez,66572.31,12.81,2015-09-02,2002-07-23T18:44:00
660,Susan,Roberts,67120.54,17.86,2012-06-21,2003-12-28T22:30:00
661,Emily,Fowler,67435.19,33,2003-05-17,2015-03-28T21:32:00
662,Antonio,Lawrence,67734.91,23.35,2014-11-27,2012-09-29T14:05:00
663,Joseph,Carpenter,48274.98,11.02,2008-10-17,2005-10-27T19:04:00
664,Scott,Andrews,84767.54,27.22,2007-12-09,2004-06-06T17:21:00
665,Scott,Reed,,,2003-03-23,2013-09-29T03:33:00
666,Stephanie,Bishop,43576.09,36.39,2004-04-30,2011-05-08T03:05:00
667,Marilyn,Parker,61748.15,40.68,2010-10-10,2007-05-25T05:43:00
668,Frances,Wells,93671.83,42.69,2007-05-05,2015-07-20T12:55:00
669,David,Richardson,51088.82,13.57,2001-10-30,2005-02-16T15:01:00
670,Ryan,Garrett,37601.67,31.98,2011-06-11,2008-01-15T15:07:00
671,Frank,Nichols,81890.51,43.37,2004-08-25,2011-01-05T17:51:00
672,Shawn,Simmons,59083.43,29.95,2000-05-10,2011-02-06T22:29:00
673,Nancy,Cooper,85488.24,38.02,2005-09-28,2007-02-25T23:33:00
674,Mark,Weaver,38565.32,14.36,2007-06-18,2000-05-01T07:24:00
675,Irene,Walker,34083.81,27.95,2008-12-20,2011-05-17T12:58:00
676,Anne,Hanson,59750.81,20.63,2001-12-14,2003-04-01T11:54:00
677,Virginia,King,60069.89,15.46,2011-03-02,2015-10-17T22:43:00
678,Anthony,Lynch,98223.3,42.37,2012-02-15,2011-09-02T00:07:00
679,Frances,Shaw,81588.57,38.99,2014-01-11,2016-04-19T12:16:00
680,Joe,Webb,91535.92,37.63,2005-05-28,2008-05-08T23:28:00
681,Arthur,Harris,65900.45,14.63,2006-04-10,2000-08-12T18:22:00
682,Chris,Reid,60275.21,24.91,2007-10-06,2011-05-17T14:57:00
683,Julie,Marshall,86417.76,44.52,2012-09-12,2010-01-21T16:56:00
684,Ashley,Taylor,43779.54,18.46,2009-09-20,2013-02-14T14:56:00
685,Wayne,Lee,96035.94,38.86,2000-09-17,2004-12-27T01:02:00
686,Andrew,Bell,37970.47,13.43,2015-10-14,2012-08-07T02:53:00
687,Donna,Jacobs,92736.96,10.15,2009-10-03,2000-10-01T15:45:00
688,Howard,Sullivan,86338.22,44.45,2005-10-10,2003-06-30T01:15:00
689,Brandon,Hawkins,96839.29,27.92,2016-03-24,2004-04-18T12:37:00
690,Cheryl,Mccoy,84027.26,36.88,2000-12-04,2003-11-17T00:38:00
691,Katherine,Palmer,,,2015-02-11,2014-08-24T13:21:00
692,Paula,Owens,76879.15,30.54,2015-11-27,2010-03-28T21:31:00
693,Michelle,Hanson,75774.27,44.2,2008-09-30,2004-02-17T11:13:00
694,Lisa,Simmons,84233.91,43.62,2009-09-20,2004-11-10T18:46:00
695,Brandon,Schmidt,54195.07,12.69,2002-06-06,2001-08-15T20:11:00
696,Frances,Perry,56431.85,15.72,2001-07-26,2012-10-09T19:08:00
697,Eric,Burns,58568.15,42.52,2002-05-01,2012-11-10T21:11:00
698,Willie,Snyder,30282.31,14.8,2010-06-28,2002-11-07T20:31:00
699,Phillip,Riley,67579.17,43.86,2004-04-03,2006-01-27T09:59:00
700,Beverly,Foster,49747.55,30.73,2014-01-18,2004-07-10T02:59:00
701,Richard,Fields,59749.65,28.68,2007-03-27,2012-08-28T03:09:00
702,Victor,Fields,48455.78,44.98,2009-01-06,2013-05-23T04:10:00
703,Tina,Gilbert,63440.33,38.75,2004-05-26,2009-02-17T21:09:00
704,Frank,Harrison,56862.9,28.64,2015-07-22,2008-10-21T13:35:00
705,Irene,Ramos,87568.9,13.5,2009-05-31,2014-07-31T06:24:00
706,Wayne,Fernandez,53787.94,24.29,2007-09-20,2008-01-15T17:59:00
707,Thomas,Wheeler,34250.37,26.62,2006-06-22,2006-07-12T12:37:00
708,Philip,Stanley,47251.88,43.17,2005-01-06,2001-02-01T03:24:00
709,Earl,Nguyen,56153.23,26.61,2003-03-07,2004-01-05T11:25:00
710,Carol,Boyd,52493.98,42.5,2014-02-18,2005-04-02T03:40:00
711,Kelly,Gray,99198.72,35.49,2001-10-09,2012-10-04T06:32:00
712,Michael,Moore,88874.75,17.74,2015-11-28,2015-01-01T07:56:00
713,Edward,Jackson,32217.05,23.4,2005-05-18,2007-09-28T10:17:00
714,Catherine,Cooper,33927.41,17.57,2016-04-01,2007-12-13T16:13:00
715,Virginia,Hudson,82068.33,28.32,2008-09-28,2002-10-04T14:43:00
716,Jessica,Carr,92603.35,18.44,2001-09-26,2013-03-26T20:01:00
717,Ruby,Boyd,44911.51,10.98,2016-03-11,2000-07-20T19:55:00
718,Kathy,Ryan,69042.31,21.03,2015-02-28,2002-10-24T09:25:00
719,Lillian,Fisher,95577,34.63,2009-05-06,2009-09-16T05:52:00
720,Carol,Carter,37642.53,33.19,2001-08-06,2007-01-07T07:55:00
721,Bonnie,Ford,71894.21,20.92,2014-11-10,2006-09-12T11:45:00
722,Judy,Stewart,65834.8,28.21,2001-07-22,2012-10-04T02:06:00
723,Brenda,Johnson,97318.38,33.77,2014-09-17,2010-03-17T22:31:00
724,Andrew,Burns,82170.85,17.33,2002-08-16,2003-02-12T20:45:00
725,Samuel,Mendoza,90059.69,27.12,,
726,Maria,Sims,97197.12,38.17,2013-05-18,2001-06-24T03:29:00
727,Melissa,Hunter,31069.41,18.86,2010-03-01,2006-11-03T14:27:00
728,Elizabeth,Black,98248.81,30.83,2015-05-11,2006-06-04T16:20:00
729,Evelyn,Walker,92959.37,22.78,2014-04-28,2001-04-17T16:19:00
730,Andrew,Snyder,52622.76,40.77,2008-10-17,2004-10-06T19:01:00
731,Betty,Hicks,95490.6,30.78,2008-02-18,2013-11-01T10:20:00
732,James,Brooks,73117.84,16.69,2008-05-28,2000-11-27T11:50:00
733,Howard,Matthews,44034.94,36.99,2009-07-01,2007-08-27T13:17:00
734,Barbara,Lynch,99776.88,42.12,2002-08-31,2007-06-26T08:22:00
735,Paula,Chavez,51278.18,42.36,2005-10-12,2012-11-11T17:30:00
736,Tammy,Freeman,83907.78,14.1,2004-09-10,2013-02-25T09:57:00
737,Phillip,Howell,68394.1,15.62,2013-06-13,2011-09-09T03:10:00
738,Judith,Ford,88718.37,16.64,2004-03-25,2002-01-23T00:48:00
739,Jerry,Hudson,75158.94,43.92,2005-02-21,2009-11-21T18:07:00
740,Thomas,Cooper,87693.41,19.13,2013-12-07,2016-02-16T01:57:00
741,Benjamin,Wilson,43529.65,23.97,2008-03-15,2006-08-08T17:29:00
742,Maria,Mendoza,67081.71,24.02,2006-09-24,2001-05-01T00:32:00
743,Irene,Reid,98833.46,20.03,2003-01-12,2015-07-22T13:15:00
744,Kevin,Gomez,33792.28,28.72,2002-06-10,2001-07-03T22:51:00
745,Martha,Patterson,65563.79,39.85,,
746,Norma,Black,,,2011-02-21,2003-05-22T09:59:00
747,Karen,Coleman,51254.04,15.12,2006-06-28,2002-02-15T15:25:00
748,Bruce,Williamson,71186.15,35.44,2006-09-02,2005-06-28T04:11:00
749,Sandra,Edwards,40912.15,23.59,2006-02-27,2003-01-15T23:41:00
750,Shawn,Campbell,59598.06,27.46,2011-03-09,2008-06-24T19:01:00
751,Charles,Perry,87771.56,25.05,2015-07-12,2010-06-27T17:38:00
752,Thomas,Alvarez,59902.3,44.42,2002-01-04,2008-09-02T16:18:00
753,Tammy,Harper,80927,24.58,,
754,Jennifer,Nguyen,90560.29,34.41,2008-05-17,2005-10-21T07:19:00
755,Mildred,Watkins,37117.23,22.07,2005-01-18,2003-03-08T19:59:00
756,Bobby,Gibson,30069.61,14.02,2015-03-28,2015-04-05T19:02:00
757,Ralph,West,81583.53,28.22,2002-12-02,2012-02-23T04:03:00
758,Phyllis,Fernandez,80746.99,37.25,2001-02-12,2004-06-04T07:50:00
759,Ryan,Rice,36885.55,41.38,2013-02-16,2013-01-10T13:26:00
760,Jacqueline,Young,58331.83,22.06,2007-11-08,2007-03-15T23:45:00
761,Jessica,Dixon,53518.51,17.52,,
762,Jack,Bailey,44024.66,21.64,2006-06-06,2012-07-21T09:17:00
763,Wayne,Jenkins,70420.42,15.91,2008-06-21,2005-12-22T15:33:00
764,Justin,Rogers,40842.65,10.9,2015-08-01,2001-04-12T19:37:00
765,Betty,White,61689.49,41.34,,
766,Jean,Vasquez,41756.87,29.09,2005-09-15,2008-12-09T11:41:00
767,Jose,Day,32349.32,18.86,2016-03-09,2002-06-13T11:13:00
768,Angela,Welch,67035.86,15.68,2008-11-11,2010-06-06T17:05:00
769,Joshua,Robinson,70712,38.45,2015-06-30,2001-12-27T14:12:00
770,Irene,Chavez,96055.36,29.85,2009-08-12,2011-06-12T14:55:00
771,Denise,Smith,50153.55,22.42,2015-12-19,2003-08-01T17:16:00
772,Angela,Cruz,54841.94,28.92,2013-10-10,2010-11-09T03:39:00
773,Karen,Gutierrez,83029.62,38.35,2009-07-21,2005-05-30T11:31:00
774,Norma,Stanley,60491.07,44.55,2004-07-23,2007-08-02T23:06:00
775,Betty,Harrison,,,2006-01-11,2001-12-30T05:05:00
776,Michael,Reed,71476.08,39.45,2012-03-21,2002-10-25T18:01:00
777,Timothy,Campbell,44378.91,16.69,2003-08-04,2006-03-03T23:09:00
778,Helen,Stephens,73578.72,26.21,2008-12-14,2012-07-19T02:29:00
779,Donald,Gomez,75392.54,16.52,2001-05-21,2007-07-22T01:05:00
780,Lori,Hansen,72005.32,38.7,2015-06-12,2012-02-08T12:15:00
781,Nicholas,Fox,59816.24,23.49,2005-09-15,2007-11-21T06:32:00
782,Ernest,Hanson,36046.13,32.75,2000-09-07,2013-09-23T10:33:00
783,Chris,Alvarez,99894.44,10.05,2008-01-09,2005-01-03T21:29:00
784,Earl,Martinez,68448.49,23.69,2005-02-26,2013-06-26T09:47:00
785,William,Harper,94511.31,33.34,2003-07-30,2009-12-27T03:49:00
786,Tammy,Harris,91328.71,17.63,2005-09-12,2011-03-07T22:55:00
787,Adam,Hall,74819.22,37.89,2000-07-22,2009-02-01T10:51:00
788,Sharon,Clark,73816.97,29.18,2005-03-15,2008-08-19T03:59:00
789,Mary,Cruz,38184.09,21.69,2005-09-24,2005-02-22T20:42:00
790,Scott,Kennedy,92877.67,34.66,2008-08-16,2007-04-12T11:48:00
791,Paula,Russell,78425.18,43.05,2006-05-05,2003-02-17T22:39:00
792,Michelle,Bowman,,,2000-11-15,2015-07-25T06:03:00
793,Heather,West,,,2014-04-21,2011-03-14T08:00:00
794,Raymond,Williams,79030.43,22.55,2008-01-15,2007-01-31T02:42:00
795,Gary,Willis,87172.34,20.2,2011-03-04,2014-01-30T00:46:00
796,Laura,Porter,87818.62,13.86,2012-08-26,2003-08-27T02:48:00
797,Willie,Berry,73656.07,14.08,2013-04-25,2007-10-31T16:26:00
798,Pamela,Smith,58773.29,18.24,2009-04-10,2005-09-21T11:45:00
799,Ashley,Stevens,45840.04,31.42,2007-08-27,2002-06-01T21:11:00
800,Gerald,Cooper,33240.16,15.97,2005-09-09,2012-05-05T11:36:00
801,Beverly,Bryant,34842.2,17.42,2008-03-04,2016-03-21T22:27:00
802,Christina,Evans,81582.74,17.27,2009-09-19,2003-09-18T06:49:00
803,Evelyn,Wells,44315.56,23.15,2007-03-16,2007-09-09T11:31:00
804,Paul,Morales,72752.36,35.59,2011-10-23,2004-02-25T22:44:00
805,Matthew,Sanders,70989.58,22.32,2015-09-09,2005-07-04T21:04:00
806,Rebecca,Berry,35627.17,43.95,2011-05-31,2015-07-13T01:12:00
807,Kathryn,Watkins,88739.56,32.84,2003-03-09,2014-12-11T17:55:00
808,Emily,Bennett,78563.45,10.06,2002-09-16,2006-12-03T04:30:00
809,Benjamin,Ruiz,94301.39,34.98,2007-07-10,2010-09-05T10:26:00
810,Larry,Stevens,31137.39,11.16,2016-04-22,2013-12-19T02:30:00
811,Linda,Chavez,83983.12,33.01,2006-09-30,2006-04-17T10:06:00
812,Frank,Meyer,91464.95,16.98,2015-10-17,2016-03-24T11:36:00
813,Cynthia,Harvey,40323.49,36.52,2005-04-26,2016-04-10T10:05:00
814,Dorothy,Wilson,65244.46,32.24,2004-04-28,2013-05-30T02:50:00
815,Clarence,Barnes,31298.78,42.44,2004-03-22,2010-09-13T13:35:00
816,Joshua,Franklin,59931.09,10.05,2007-07-30,2012-01-04T05:29:00
817,Shawn,Crawford,95806.1,38.97,2000-06-04,2008-03-05T20:30:00
818,Johnny,Watkins,93334.69,44.63,2008-12-21,2000-11-22T20:43:00
819,Johnny,Campbell,82451.7,29.74,2012-06-06,2011-06-10T00:08:00
820,Jonathan,Lewis,,,2003-11-21,2002-01-06T12:48:00
821,Gregory,Ford,77352.23,39,2013-10-21,2011-02-28T18:34:00
822,Craig,Kennedy,30613.28,42.41,2002-11-10,2015-11-22T09:19:00
823,Cynthia,Gomez,,,2001-06-27,2002-08-18T22:09:00
824,Robin,Cooper,41940.4,13.12,2006-07-16,2009-08-13T13:14:00
825,John,Lynch,45692.57,37.62,2011-09-04,2015-05-20T02:28:00
826,Joyce,Hamilton,91355.72,13.65,2007-09-28,2015-02-11T04:40:00
827,Antonio,Young,34174.55,15.37,2005-01-07,2002-04-10T23:43:00
828,Dennis,Cooper,77303.59,29.37,2014-02-08,2009-10-11T10:20:00
829,Jason,Banks,88207.35,42.11,2011-11-05,2009-05-14T18:40:00
830,Martin,Lynch,35078.3,26.95,2008-11-26,2006-10-08T23:12:00
831,Nancy,Baker,32873.4,19.66,2015-02-02,2001-05-10T20:36:00
832,Christine,Fox,33439.53,42.76,2007-06-27,2007-11-03T09:22:00
833,Bobby,Stewart,78335.35,29.56,2010-10-03,2007-08-21T09:27:00
834,Andrea,Simmons,97964.79,16.31,2011-12-26,2014-12-14T00:11:00
835,Ruby,Weaver,46332.57,24.74,2002-01-09,2014-09-18T09:48:00
836,Earl,Stephens,92984.7,26.3,2013-08-09,2008-09-05T23:41:00
837,Katherine,Wright,41318.08,42.59,,
838,Ralph,Carter,86741.85,29.57,2002-01-03,2007-03-23T12:47:00
839,Amanda,Morrison,49483.91,29.43,2008-03-24,2006-06-29T04:41:00
840,Ruby,Ray,86808.61,36.02,2015-12-16,2007-03-23T09:18:00
841,Bruce,Gardner,98724.96,26.06,2006-04-22,2001-05-01T08:32:00
842,Scott,Gutierrez,60914.46,35.27,2011-01-24,2011-06-15T15:20:00
843,Harry,Diaz,83029.21,22.31,2002-08-02,2004-12-09T11:40:00
844,Jesse,Edwards,45322.9,32.63,2010-05-04,2002-01-22T10:23:00
845,Lori,Hall,39235.79,18.54,2000-08-03,2001-05-30T22:26:00
846,Betty,Ramirez,68748.12,39.58,2012-01-28,2000-10-28T23:13:00
847,Diane,Hawkins,55078.45,18.33,2006-10-20,2010-07-09T00:43:00
848,Wayne,Smith,82733.27,16.41,2004-09-08,2013-07-22T13:30:00
849,Mark,Dunn,60582.09,10.92,2006-05-27,2003-10-21T19:59:00
850,Nancy,Garrett,45733.59,10.73,2009-04-27,2012-11-25T07:55:00
851,Pamela,Evans,30413.56,24.08,2006-01-16,2005-10-17T21:21:00
852,Amy,Lynch,38352.92,42.46,2005-11-08,2009-01-28T09:38:00
853,Debra,Sullivan,34219.6,11.23,2005-05-09,2003-01-04T04:36:00
854,Harry,Austin,88978.85,20.73,2008-10-09,2015-01-08T02:46:00
855,Shawn,Owens,79717.36,11.42,2010-06-08,2016-01-30T02:15:00
856,Kimberly,Day,97383.93,10.22,2012-06-02,2014-08-17T17:38:00
857,Harold,Andrews,97023.27,19.8,2016-01-08,2014-01-04T02:10:00
858,Bobby,Hicks,89160.5,30.31,2001-09-29,2015-03-31T00:18:00
859,Cheryl,Gardner,58211.96,40.17,2005-03-07,2016-02-13T01:07:00
860,Randy,Montgomery,45152.29,11.63,2012-05-29,2015-11-06T18:14:00
861,Joshua,Hughes,49890.44,34.28,2015-02-16,2016-02-27T20:37:00
862,Randy,Hall,53082.65,24.6,2001-11-27,2016-04-01T19:18:00
863,Wayne,Alexander,45552.98,14.15,2013-03-04,2011-08-03T13:49:00
864,Ronald,Barnes,82074.1,29.72,2010-03-07,2003-04-04T10:57:00
865,Steve,Hamilton,33826.8,11.68,2001-01-10,2008-03-27T00:36:00
866,Samuel,Garcia,56251.2,11.28,2000-11-19,2004-10-13T02:02:00
867,Annie,Fuller,97382.83,18.83,2003-11-04,2013-02-17T10:55:00
868,Evelyn,Morgan,92787.35,15.89,2003-11-30,2011-12-26T03:25:00
869,Bobby,Mendoza,31424.74,29.86,2014-10-11,2015-10-06T20:31:00
870,Earl,Andrews,77775.35,23.91,2013-08-16,2011-05-08T06:57:00
871,David,Parker,41050.31,16.43,2012-01-17,2005-03-04T05:58:00
872,Mildred,Moore,84250.47,35.57,2014-11-20,2010-09-02T15:48:00
873,Ryan,Armstrong,83884.42,34.93,2002-02-09,2009-10-02T17:20:00
874,Anna,Pierce,65284.2,16.27,2006-07-03,2010-03-10T06:00:00
875,Sarah,Watson,32418.31,33.43,2005-05-19,2008-06-15T21:28:00
876,Edward,Anderson,72963.33,43.74,2005-09-27,2015-02-26T01:57:00
877,Sean,Lynch,60616.05,29.19,2015-01-09,2006-01-12T20:16:00
878,Jonathan,Shaw,87595.7,31.46,2005-02-04,2015-11-03T05:43:00
879,Andrew,Gardner,74127.56,24.5,2005-12-03,2009-05-10T17:58:00
880,Harry,Fuller,30104.48,44.89,,
881,William,Ortiz,69992.29,27.04,2014-07-15,2014-11-12T13:32:00
882,Catherine,Shaw,97976.31,22.05,2003-10-10,2001-08-23T20:27:00
883,Nicole,Olson,83870.74,38.6,2008-09-03,2013-09-01T16:57:00
884,Jack,Gilbert,68604.15,13.77,2003-08-24,2008-04-22T03:19:00
885,Daniel,Ortiz,82713.96,15.99,2010-10-12,2009-05-20T04:34:00
886,Antonio,Carroll,60451.22,14.6,2012-05-18,2013-12-15T17:21:00
887,Ralph,Alvarez,35329.5,31.77,2012-02-07,2007-09-07T13:52:00
888,Adam,Andrews,63373.05,39.83,2008-07-30,2001-08-10T14:34:00
889,Philip,Cook,85010.3,35.05,2014-10-15,2013-01-24T09:38:00
890,Theresa,Watson,41593.08,19.43,2015-01-19,2013-03-07T08:27:00
891,Cheryl,Taylor,42999.16,32.69,2004-02-25,2002-09-05T06:49:00
892,Ruth,Warren,49836.1,24.67,2013-11-09,2002-11-29T23:52:00
893,Arthur,Perry,42702.95,24.51,,
894,Carol,Hudson,93851.34,18.05,2012-02-03,2003-07-03T09:05:00
895,Lillian,Evans,36236.52,33.88,2002-07-07,2014-04-28T10:35:00
896,Thomas,Spencer,89102.86,13.71,2004-02-05,2012-06-05T23:08:00
897,Julia,James,53315.01,30.61,2011-07-20,2001-05-26T14:34:00
898,Ralph,Simpson,78799.66,17.41,2012-10-11,2001-01-24T02:09:00
899,Janice,Baker,56791.11,19.22,2003-09-06,2007-11-05T05:41:00
900,Walter,Robertson,88141.09,25.55,2006-02-20,2013-12-13T14:02:00
901,Henry,Reed,30926.88,29.01,2012-04-17,2014-09-17T09:23:00
902,Margaret,Perkins,55895.4,26.19,2002-12-05,2013-02-11T16:25:00
903,Alice,Matthews,,,2005-05-17,2011-04-20T05:54:00
904,Craig,Andrews,54497.84,14.46,2003-05-20,2010-07-26T01:24:00
905,Fred,Castillo,89111.37,28.14,2012-02-20,2003-07-24T21:18:00
906,Rebecca,Evans,85045.82,17.28,2000-05-08,2006-10-07T11:46:00
907,Amanda,Phillips,90252.12,19.94,2006-03-16,2008-01-13T11:53:00
908,Debra,Wilson,85039.35,44.63,2002-10-27,2001-04-15T18:55:00
909,Alice,Perez,97542.07,16.26,2008-04-20,2002-04-08T06:51:00
910,Alan,Porter,46408.69,42.97,2014-05-06,2013-01-19T03:00:00
911,Elizabeth,Baker,40381.39,18.8,2001-10-01,2016-04-18T12:25:00
912,Joseph,Scott,85995.71,17.71,2012-05-01,2014-11-11T10:20:00
913,Jacqueline,Diaz,45182.61,28.91,2003-07-29,2003-10-16T06:42:00
914,Howard,Wheeler,71825.6,38.19,2003-12-16,2000-08-13T01:38:00
915,Shawn,Reyes,69523.41,42.03,2008-07-04,2015-10-13T16:14:00
916,Brandon,Schmidt,48306.99,33.24,2005-05-05,2002-03-26T05:43:00
917,Angela,Fuller,79109.24,34.96,2010-11-15,2001-05-24T16:59:00
918,Patricia,Ruiz,41226.9,19.97,2014-02-19,2007-09-15T09:23:00
919,Jonathan,Ellis,39109.44,18.36,2003-08-28,2004-09-28T22:27:00
920,Raymond,Olson,61310.69,17.27,2011-07-03,2012-07-01T18:04:00
921,Scott,Ryan,74811.19,16.24,2005-02-11,2000-10-04T16:02:00
922,Ernest,Cunningham,88960.36,20.88,2008-07-03,2008-04-23T19:28:00
923,Pamela,Boyd,31995.98,38.03,2006-01-27,2011-04-13T12:33:00
924,Robin,Dixon,61773.45,22.53,,
925,Jesse,Edwards,32740.94,40.47,2005-03-19,2009-06-20T14:43:00
926,Jonathan,Gonzales,80915.5,38.52,2013-06-17,2013-08-04T10:19:00
927,Cheryl,Murphy,66040.74,24.06,2007-12-04,2009-05-25T11:52:00
928,William,Watkins,87448.91,24.47,2012-05-20,2007-02-28T14:59:00
929,Deborah,Bishop,34729.73,19.49,2007-04-04,2012-08-29T09:34:00
930,Justin,Morgan,43583.43,23.01,2001-01-20,2003-09-18T22:56:00
931,Doris,Crawford,44852.31,39.73,2011-07-28,2016-01-31T20:30:00
932,Timothy,Ford,40560.01,43.61,2005-05-03,2000-08-10T18:29:00
933,Terry,Powell,79289.13,22.27,2002-08-14,2004-03-04T14:11:00
934,Daniel,Watkins,64091.39,44.53,2007-06-27,2005-11-14T03:48:00
935,Ernest,Matthews,87109.37,11.98,2011-01-08,2016-01-16T05:46:00
936,Charles,Diaz,66503.5,12.12,2006-11-10,2006-05-20T23:11:00
937,Tammy,Austin,46399.94,18.23,2004-02-15,2001-03-07T08:15:00
938,Lillian,Rivera,68967.01,14.66,2012-01-01,2010-12-21T08:49:00
939,Eric,Ortiz,45445.96,26.28,2015-10-23,2015-12-24T08:49:00
940,Keith,Rose,48470.29,28.3,2005-10-20,2014-12-30T04:33:00
941,Martha,Phillips,66307.8,36.29,2009-09-09,2001-10-20T02:38:00
942,Brandon,Williams,55259.83,34.29,2010-07-18,2012-11-17T08:40:00
943,Larry,Miller,42402.46,40.66,2009-04-06,2005-03-20T15:50:00
944,Arthur,Gonzales,57223.47,13.9,2009-05-10,2013-07-19T00:03:00
945,Frances,Ramos,60291.56,37.39,2002-03-31,2009-02-09T13:50:00
946,Dorothy,Ortiz,82453,28.43,2005-07-06,2013-10-23T00:55:00
947,Gregory,Wood,83282.79,12.14,2011-02-22,2015-02-25T20:16:00
948,Steven,Lee,47261.32,18.2,2000-07-30,2005-04-10T10:19:00
949,Jennifer,Gilbert,73289.14,34.04,2010-04-15,2002-08-01T12:22:00
950,Anthony,Ellis,87482.74,39.39,2008-10-04,2013-11-26T20:52:00
951,Martha,Ward,39386.95,28.35,2013-02-04,2015-08-14T13:12:00
952,Chris,Franklin,53264.85,33.1,2002-09-21,2012-06-16T11:03:00
953,Wayne,Reyes,65939.47,28.42,2008-01-16,2004-09-17T10:45:00
954,Frank,Gonzales,44710.03,26.62,2003-10-28,2011-01-17T22:50:00
955,Antonio,Hill,72017.68,37.76,2007-12-02,2004-09-14T05:08:00
956,Keith,Stevens,53149.83,32.45,2004-02-01,2015-01-12T21:06:00
957,Susan,Porter,48990.83,17.41,2014-02-02,2005-10-27T10:19:00
958,Billy,Ray,96721.46,34.08,2003-08-10,2014-09-17T07:08:00
959,Martin,Flores,41517.27,37.23,2002-01-18,2014-07-04T08:01:00
960,Victor,Gilbert,53336.65,23.96,2001-09-23,2005-09-23T14:59:00
961,Bonnie,Austin,30897.43,39.12,2003-05-08,2005-02-23T06:19:00
962,Shawn,Mason,89785.39,22.48,2006-12-01,2004-01-28T06:51:00
963,Mary,Sims,35697.78,13.25,2003-12-16,2014-11-04T10:36:00
964,Shirley,Howard,31388.61,26.91,2010-07-30,2011-04-01T21:31:00
965,Melissa,Schmidt,60326.3,31.79,2006-08-10,2005-08-23T02:00:00
966,Sandra,Turner,61299.72,19.26,2004-09-26,2006-03-22T20:51:00
967,Christina,Stevens,43409.4,39.28,2004-07-25,2008-03-11T03:28:00
968,Adam,Schmidt,47341.21,25.7,2002-07-16,2011-05-27T19:37:00
969,Jane,Vasquez,51102.7,15.08,2004-12-02,2010-09-13T08:35:00
970,Howard,Bishop,62008.92,12.28,2014-08-05,2000-08-09T23:56:00
971,Joe,Hernandez,96094.62,44.68,2009-09-27,2011-06-02T08:02:00
972,Nicole,Nelson,55289.74,27.63,2009-08-12,2001-01-06T23:34:00
973,Bruce,Fowler,61641.99,14.98,2003-10-17,2015-09-02T03:01:00
974,Janice,Larson,99949.55,12.84,2015-03-27,2015-12-10T00:18:00
975,Ruby,Dean,43036.7,35.03,2004-02-21,2016-01-10T20:14:00
976,Earl,Harris,73367.4,33.22,2010-04-26,2002-03-06T16:52:00
977,Russell,Sullivan,75556.69,40.77,2003-02-23,2009-09-27T14:45:00
978,Craig,Alvarez,33662.9,24.66,2006-09-05,2014-09-14T21:52:00
979,Joe,Ford,44437.77,42.36,2003-11-07,2003-05-17T23:35:00
980,Christopher,Fowler,42834.31,28.26,2008-08-16,2002-08-15T05:40:00
981,Eric,Alvarez,65542.32,32.07,2001-07-24,2008-07-28T05:09:00
982,Diane,Cooper,37970.3,32.42,2012-06-15,2012-05-31T04:09:00
983,Thomas,Hudson,74202.95,22.7,2010-06-17,2007-09-28T08:24:00
984,Brandon,Henderson,90236.09,17.05,2013-11-27,2015-01-03T13:56:00
985,Karen,Dunn,81445.2,13.13,2011-05-01,2011-06-08T18:07:00
986,Virginia,Perkins,86018.11,39.49,2003-05-16,2011-09-12T08:32:00
987,Frances,Carter,59052.17,11.3,2001-07-09,2004-02-12T09:25:00
988,Linda,Mitchell,91317.17,25.39,2004-12-14,2009-09-23T01:58:00
989,Stephanie,Stephens,70605.87,14.68,,
990,Katherine,Ray,89153.89,14.66,2007-02-27,2008-04-25T20:32:00
991,Juan,Carr,32966.36,41.11,2004-11-12,2002-05-23T03:47:00
992,Donna,James,76827,33.55,2000-12-23,2007-03-18T22:43:00
993,Sarah,Johnston,88405.35,13.57,2009-03-16,2002-09-18T16:35:00
994,Theresa,Edwards,95882.26,40.75,2004-07-08,2010-02-19T15:04:00
995,John,Snyder,53061.45,19.95,2016-03-30,2013-04-29T03:06:00
996,Frank,Larson,45699.19,32.15,2015-09-30,2010-01-21T06:09:00
997,Christopher,Rivera,32500.09,26.53,,
998,Denise,Sanders,44388.76,38.31,2004-10-25,2008-05-28T23:12:00
999,Deborah,Lee,42141.17,35.79,2013-01-14,2000-11-20T14:55:00